"type","alpha","beta","alpha_hl","beta_hl","T","eps","aic"
"Group_Pooled_GLMER",0.693147180559945,0.173286795139986,1,4,0.019593220675027,-0.0419309039816362,11738.8936939235
